{
  "project_info": {
    "project_number": "129150306848",
    "project_id": "todolistmaster-208b2",
    "storage_bucket": "todolistmaster-208b2.appspot.com"
  },
  "client": [
    {
      "client_info": {
        "mobilesdk_app_id": "1:129150306848:android:3dc7a3da52860265dd0a45",
        "android_client_info": {
          "package_name": "com.example.flutter_to_do_list"
        }
      },
      "oauth_client": [],
      "api_key": [
        {
          "current_key": "AIzaSyDBJ4udTHE8Cq3z4nsgQGkJmySpqZ5tsA4"
        }
      ],
      "services": {
        "appinvite_service": {
          "other_platform_oauth_client": []
        }
      }
    }
  ],
  "configuration_version": "1"
}